{"properties": [
  {
    "name": "spring.jpa.hibernate.format-sql",
    "type": "java.lang.String",
    "description": "A description for 'spring.jpa.hibernate.format-sql'"
  },
  {
    "name": "spring.datasource.maximum-pool-size",
    "type": "java.lang.String",
    "description": "A description for 'spring.datasource.maximum-pool-size'"
  },
  {
    "name": "spring.logging.level.org.hibernate.-sQL",
    "type": "java.lang.String",
    "description": "A description for 'spring.logging.level.org.hibernate.-sQL'"
  },
  {
    "name": "spring.logging.level.org.hibernate.type",
    "type": "java.lang.String",
    "description": "A description for 'spring.logging.level.org.hibernate.type'"
  },
  {
    "name": "mybatis.logging.level.org.hibernate.type",
    "type": "java.lang.String",
    "description": "A description for 'mybatis.logging.level.org.hibernate.type'"
  },
  {
    "name": "spring.datasource.configuration.multiple-result-sets-enabled",
    "type": "java.lang.String",
    "description": "A description for 'spring.datasource.configuration.multiple-result-sets-enabled'"
  },
  {
    "name": "spring.mybatis.config-location",
    "type": "java.lang.String",
    "description": "A description for 'spring.mybatis.config-location'"
  },
  {
    "name": "spring.datasource.auto-commit",
    "type": "java.lang.String",
    "description": "A description for 'spring.datasource.auto-commit'"
  },
  {
    "name": "spring.datasource.pool-name",
    "type": "java.lang.String",
    "description": "A description for 'spring.datasource.pool-name'"
  }
]}