<?xml version="1.0" encoding="UTF-8"?>
<configuration scan="true" scanPeriod="30 seconds" debug="true">
    <appender name="CONSOLE" class="ch.qos.logback.core.ConsoleAppender">
        <encoder>
            <charset>UTF-8</charset>
            <pattern>%d{yyyy-MM-dd HH:mm:ss.SSS} [%thread] %-5level %logger{5} - %msg%n</pattern>
        </encoder>
    </appender>
    
    <logger name="jdbc" level="off"/>
    <logger name="jdbc.sqlonly" level="off"/>
    <logger name="jdbc.sqltiming" level="debug"/>
    <logger name="jdbc.audit" level="off"/>
    <logger name="jdbc.resultset" level="off"/>
    <logger name="jdbc.resultsettable" level="debug"/>
    <logger name="jdbc.connection" level="off"/>

    <root level="info">
        <appender-ref ref="CONSOLE" />
    </root>
</configuration>