<!DOCTYPE mapper
  PUBLIC "-//mybatis.org//DTD Mapper 3.0//EN"
  "http://mybatis.org/dtd/mybatis-3-mapper.dtd">

<mapper namespace="hae.safety.platform.servicemange.api.mapper.BaseServiceManageMapper">

	<!-- 서비스 이용 만료일 경과 여부 확인 (return : cnt)-->
	<select id="checkedServiceExpDayCnt" resultType="int">
	/* checkedServiceExpDayCnt 배치 > 서비스 이용 만료일 경과 여부 확인  */
		select count(*) from
			 CORNERS.svc_sst
			where 1 = 1
			and now()  > sst_end_dt
			--and sst_end_dt  > now() 
	</select>
	
	<!-- 서비스 이용 만료일 경과 여부 확인 (return : SVC_ID) -->
	<select id="checkedServiceExpDaySvcId" resultType="map">
	/* checkedServiceExpDaySvcId 배치 > 서비스 이용 만료일 경과 서비스 조회  */
		select
			tb2.svc_id ,	-- 서비스 아이디
			tb1.wpc_cd ,	-- 사업장코드
			tb1.cmp_cd ,	-- 계열사코드
			tb3.ptl_rol_cd	-- 포탈롤코드
		from
			CORNERS.svc_req tb1
		left outer join CORNERS.svc_sst tb2 on	tb1.svc_id = tb2.svc_id
		left outer join CORNERS.svc_ctl tb3 on	tb1.svc_ctl_id = tb3.svc_ctl_id
		where 1 = 1
		and tb1.stt_cd = '4'
		and now()  > sst_end_dt
		--and sst_end_dt  > now()
	</select>
	
	<!-- 서비스 이용 만료일 경과 건 서비스 만료(stt_cd : 11) 처리 -->
	<update id="chgServiceExpDaySttCd"> 
	/* chgServiceExpDaySttCd 배치 > 서비스 이용 만료일 경과 건 서비스 만료 처리  */
		update corners.svc_req SET 
			stt_cd = '11' , upd_usr_id = 'BATCH' , upd_dt = now()
		WHERE 1 = 1
		and (
		<foreach collection="list" item="item" index="index" separator="or" > 
			 svc_id = #{item.svc_id}
		</foreach> 
			)
	</update>
	
	<!-- Return Company LIST -->
	<select id="getCompanyList" resultType="map">
	/* getCompanyList Company LIST  */
		select id as group_id, name as group_nm from v4.company tb1 
		<where>
			1=1
			<!-- 
			<if test="user_company_id != null and user_company_id != ''">
				and company_id = #{user_company_id}
			</if>
			 -->
			and use_flag = 'Y';
		</where>
	</select>
	
	<!-- Return WPC LIST -->
	<select id="getWPCList" resultType="map">
	/* getWPCList WPC LIST  */
		select id, company_id , name
		from v4.site
		<where>
			1=1
			<!-- 
			<if test="companyId != null and companyId != ''">
				and company_id = #{companyId}
			</if>
			 -->
			<if test="user_company_id != null and user_company_id != ''">
				and company_id = #{user_company_id}
			</if>
		</where>
	</select>
	
	<!-- initConersSafetyPlatform -->
	<select id="initConersSafetyPlatform" resultType="String">
	/* initConersSafetyPlatform */
		select
			jsonb_build_object('userId', #{usr_id}, 'siteList', coalesce(jsonb_agg(sites),'[]'))
		from 
			(
			select 
				jsonb_build_object('siteId', c.id, 'name', c.name, 'catalogList', jsonb_agg(b.catalogs)) sites
			from
				(
				select usr_id, unnest(site_ids) site_id
				from emro.esauser
				where usr_id = #{usr_id}
				) a
				inner join (
					select 
						d.wpc_cd, 
						jsonb_build_object(
							'catalogId', a.svc_ctl_id, 'catalogName', a.svc_ctl_nm, 
							'productAuthList', jsonb_agg(
								jsonb_build_object('productId', c.serial_no, 'productName', c.product_name)
							)
						) catalogs
					from 
						corners.svc_req d
						inner join corners.svc_ctl a on d.svc_ctl_id = a.svc_ctl_id
						inner join corners.svc_ctl_dvc b on a.svc_ctl_id = b.svc_ctl_id
						inner join v4.site_product c on d.wpc_cd = c.site_id and b.dvc_id = c.product_id
					where 1 = 1
					and d.stt_cd in ('3', '4')
					and a.svc_use_yn = '1'
					group by d.wpc_cd, a.svc_ctl_id
				) b on a.site_id = b.wpc_cd
				inner join v4.site c on a.site_id = c.id
			group by c.id, c.name
			) v
	</select>
</mapper>