<!DOCTYPE mapper
  PUBLIC "-//mybatis.org//DTD Mapper 3.0//EN"
  "http://mybatis.org/dtd/mybatis-3-mapper.dtd">

<mapper namespace="hae.safety.platform.servicemange.api.mapper.RegServiceManageMapper">
	
	<!-- 등록된 카테고리 정보를 조회한다. -->
	<select id="findRegSafetyServiceList" resultType="map">
	/* serviceManageApi.findRegSafetyServiceList: 등록 서비스 리스트 조회 */
		select
			-- (ROW_NUMBER() OVER(order by svc_ctl_nm)) AS ROWNUM,
			tb2.svc_grp_id,
			tb2.svc_grp_nm,
			tb1.svc_ctl_id,
			tb1.svc_ctl_nm,
			tb1.svc_use_yn
		from corners.svc_ctl tb1
			join corners.svc_grp tb2 on tb1.svc_grp_id = tb2.svc_grp_id
		<where>
			1=1
			<!-- <if test="wpc != null and wpc != ''">
				and tb1.wpc_cd IN
				<foreach collection="wpc" item="item" separator="," open="(" close=")">
					#{item.id}
				</foreach>
			</if> -->
			<if test="svc_grp_id != null and svc_grp_id != ''">
				and tb2.svc_grp_id = #{svc_grp_id}
			</if>
			<if test="search != null and search != ''">
				<!-- bind name="svcCtlNmPattern" value="'%' + p.svc_ctl_nm + '%'" /-->
				and tb1.svc_ctl_nm like '%' || #{search} || '%' or tb2.svc_grp_nm like '%' || #{search} || '%'
			</if>
			<if test="user_company_id != null and user_company_id != ''">
				and SVC_USE_YN = '1'
			</if>
		</where>
		order by tb1.svc_ctl_id
	</select>
	
	<!-- 사용여부(SVC_CTL.SVC_USE_YN)을 수정한다. -->
	<update id="updateServiceUseYn">
	/* updateServiceUseYn 사용여부를 수정한다.*/
		UPDATE CORNERS.SVC_CTL 
		SET SVC_USE_YN = #{svc_use_yn}
		WHERE SVC_CTL_ID = #{svc_ctl_id}
	</update>
	
	<!-- 서비스 신청 조회 -->
	<select id="getServiceAprList" resultType="map">
	/* getServiceAprList 서비스 신청 조회*/
		select
				tb1.svc_id ,			-- 서비스 아이디
				case 
					when tb5.svc_id is not null then '2'
					else '1'
				end as service_gb_cd,
				case 
					when tb5.svc_id is not null then '변경'
					else '신규'
				end as service_gb__nm,
				tb8.id as group_id,		-- 계열사코드
				tb8.name as group_nm,	-- 계열사
				tb1.wpc_cd , 			-- 사업장코드
				tb7.name as wpc_nm,		-- 사업장명
				tb1.stt_cd,				-- 서비스 상태 코드
				tb1.svc_ctl_id ,		-- 카테고리코드
				tb6.svc_ctl_nm ,		-- 카테고리명	
				case
					when tb1.stt_cd = '1' then '신규신청'
					when tb1.stt_cd in ('2','3','4') then	-- 승인완료, 개시대기, 이용중 상태
						case 
							when tb5.svc_id is not null then 
								case
									when tb1.stt_cd = '4' then '이용중(변경신청)'	-- 구독 중인 서비스로 변경 버튼 표출 
									when tb1.stt_cd = '3' then '개시대기(변경신청)'	-- 신청 -> 승인 -> 서비스 개시일 이전 상태
									when tb1.stt_cd = '2' then '승인완료(변경신청)'	-- 신청 -> 승인 완료 상태
								end
							else 
								case
									when tb1.stt_cd = '4' then '이용중'		-- 구독 중인 서비스로 변경 버튼 표출 
									when tb1.stt_cd = '3' then '개시대기'		-- 신청 -> 승인 -> 서비스 개시일 이전 상태
									when tb1.stt_cd = '2' then '승인완료'		-- 신청 -> 승인 완료 상태
								end
						end
				end as status_nm,		--  현재상태
				tb1.req_dt ,			-- 신청일자
				case when tb4.sst_str_dt is null then '9999-12-31'
					 else tb4.sst_str_dt
				end as sst_str_dt,		-- 서비스개시일(구독)
				case when tb4.sst_end_dt is null then '9999-12-31'
					 else tb4.sst_end_dt
				end as sst_end_dt		-- 서비스종료일(구독)
			from corners.svc_req tb1 -- 서비스 신청
				left join corners.svc_apr tb2 on tb1.svc_id = tb2.svc_id	-- 서비스 승인
				left join corners.svc_tst tb3 on tb1.svc_id = tb3.svc_id	-- 서비스 테스트
				left join corners.svc_sst tb4 on tb1.svc_id = tb4.svc_id	-- 서비스 구독
				left join corners.SVC_CHG_REQ tb5 on tb1.svc_id = tb5.svc_id and tb5.apr_yn = '0' and tb5.stt_cd not in ('8','9')
				left join corners.SVC_CTL tb6 on tb1.svc_ctl_id  = tb6.svc_ctl_id	-- 서비스카탈로그
				left join v4.site tb7 on tb1.wpc_cd = tb7.id
				left join v4.company tb8 on tb7.company_id  = tb8.id
		<where>
			1=1
			<!-- and tb1.stt_cd not in ('0','8','9','')  -->
			and tb1.stt_cd in ('1','2','3','4')
			<if test="wpc != null and wpc != ''">
				and tb1.wpc_cd IN
				<foreach collection="wpc" item="item" separator="," open="(" close=")">
					#{item.id}
				</foreach>
			</if>
			<if test="service_gb_cd == 1 ">
				and tb5.svc_id is null
			</if>
			<if test="service_gb_cd == 2 ">
				and tb5.svc_id is not null
			</if>
			<if test="group_id != null and group_id != ''">
				and tb8.id = #{group_id}
			</if>
			<if test="wpc_cd != null and wpc_cd != ''">
				and tb1.wpc_cd = #{wpc_cd}
			</if>
			<if test="svc_ctl_id != null and svc_ctl_id != ''">
				and tb1.svc_ctl_id = #{svc_ctl_id}
			</if>
			<if test="stt_cd != 0 and stt_cd != null and stt_cd != '' and stt_cd != 5">
				and tb1.stt_cd = #{stt_cd} and tb5.svc_id is null 
			</if>
			<if test="stt_cd == 5">
				and tb1.stt_cd in ('2','3','4') and tb5.svc_id is not null 
			</if>
			<if test="search != null and search != ''">
				and tb6.svc_ctl_nm like '%' || #{search} || '%' or tb7.name like '%' || #{search} || '%' or tb8.name like '%' || #{search} || '%'
			</if>
		</where>
	</select>
	
	<!-- 서비스 신청 관리 / 서비스 신청 상세 내역 / 신규건 조회 -->
	<select id="getServiceAprListDetail" resultType="map">
	/* getServiceAprListDetail 서비스 신청 관리 > 서비스 신청 상세 내역 > 신규건 조회 */
		select
				tb8.id as group_id,		-- 계열사코드
				tb8.name as group_nm,	-- 계열사명		
				tb1.wpc_cd , 			-- 사업장코드
				tb7.name as wpc_nm, 	-- 사업장명
				tb7.address ,			-- 사업장 주소
				tb9.usr_nm,				-- 담당자명
				tb9.email,				-- 이메일
				tb9.phone_no,			-- 연락처 mobile
				tb9.mobile_no,			-- 연락처 phone
				tb1.svc_ctl_id ,		-- 카테고리코드
				tb6.svc_ctl_nm ,		-- 카테고리명
				tb6.ptl_rol_cd ,		-- 포탈롤코드
				tb1.req_usr_id , 		-- 신청자 아이디
				tb1.req_dt , 			-- 신청일자
				tb1.dsr_str_dt ,		-- 서비스 개시 요청일
				tb1.sst_trm ,			-- 구독기간(약정기간)
				tb1.exp_end_dt ,		-- 서비스 만료 예정일
				tb1.svc_id ,			-- 서비스 아이디
				tb1.exp_mon_fee,		-- 예상 구독료
				tb1.stt_cd,				-- 서비스 상태
				tb2.mon_fee,			-- 월 구독료
				tb2.apr_usr_id, 		-- 서비스 승인자
				tb2.apr_dt, 			-- 서비스 승인자
				tb4.sst_str_dt ,		-- 서비스 개시일자
				tb4.sst_end_dt 			-- 서비스 종료일자
			from corners.svc_req tb1	-- 서비스 신청
				left join corners.svc_apr tb2 on tb1.svc_id = tb2.svc_id			-- 서비스 승인
				left join corners.svc_tst tb3 on tb1.svc_id = tb3.svc_id			-- 서비스 테스트
				left join corners.svc_sst tb4 on tb1.svc_id = tb4.svc_id			-- 서비스 구독
				left join corners.svc_chg_req tb5 on tb1.svc_id = tb5.svc_id and tb5.apr_yn = '0' and tb5.stt_cd not in ('8','9')	--서비스변경
				left join corners.svc_ctl tb6 on tb1.svc_ctl_id  = tb6.svc_ctl_id	-- 서비스카탈로그
				left join v4.site tb7 on tb1.wpc_cd = tb7.id						-- 사업장 정보
				left join v4.company tb8 on tb7.company_id  = tb8.id				-- 계열사 정보
				left join emro.esauser tb9 on tb9.usr_id = tb1.req_usr_id
		<where>
			1=1
			and tb1.svc_id = #{svc_id}
			<if test="wpc != null and wpc != ''">
				and tb1.wpc_cd IN
				<foreach collection="wpc" item="item" separator="," open="(" close=")">
					#{item.id}
				</foreach>
			</if>
			<if test="wpc_cd != null and wpc_cd != ''">
				and tb1.wpc_cd = #{wpc_cd}
			</if>
		</where>
	</select>
	
	<!-- 서비스 신청 관리  / 서비스 신청 상세 내역 / 디바이스 신청 수량 조회 -->
	<select id="getServiceAprListDvcDetail" resultType="map">
	/* getServiceAprListDvcDetail 서비스 신청 관리 > 서비스 신청 상세 내역 > 디바이스 신청 수량 조회 */
		select 
				tb1.svc_id,
				tb2.qtt, 
				tb4.mdt_yn,
				tb2.dvc_id,
				tb5.product_name 
		from 
			corners.svc_req tb1
			join corners.svc_dvc tb2 on tb1.svc_id = tb2.svc_id
			join corners.svc_ctl tb3 on tb1.svc_ctl_id = tb3.svc_ctl_id 
			join corners.svc_ctl_dvc tb4 on tb3.svc_ctl_id = tb4.svc_ctl_id and tb2.dvc_id = tb4.dvc_id
			join v4.product tb5 on tb4.dvc_id = tb5.product_id
		<where>
			1=1
			and tb1.svc_id = #{svc_id}
		</where>
	</select>
	
	<!-- 서비스 신청 관리 / 서비스 신청 상세 내역 / 변경 신청 건 등록 여부 조회 -->
	<select id="checkedChgApr" resultType="int">
	/* checkedChgApr 서비스 신청 관리 > 서비스 신청 상세 내역 > 변경 신청 건 등록 여부 조회 */
		select
				count(svc_id)
			from corners.svc_chg_req 	-- 서비스 변경 신청
			where 
				1 = 1
				and svc_id = #{svc_id}
				and stt_cd not in ('8','9')
				and apr_yn = '0'
	</select>
	
	<!-- 서비스 신청 관리 / 서비스 신청 상세 내역 / 변경 신청 건 조회 -->
	<select id="getServiceAprChgListDetail" resultType="map">
	/* getServiceAprChgListDetail 서비스 신청 관리 > 서비스 신청 상세 내역 > 변경 신청 건 조회 */
		select
				tb5.chg_req_seq, 		-- 변경 신청 순번
				tb5.chg_rsn,			-- 변경 사유
				tb5.trm_chg_cd,			-- 구독기간 변경 코드
				tb5.dvc_chg_yn,			-- 디바이스 변경 여부
				tb5.sst_trm ,			-- 변경 구독기간(약정기간)
				tb5.dsr_str_dt,			-- 서비스 개시 요청일 
				tb5.exp_end_dt,			-- 서비스 만료 예정일
				tb5.exp_mon_fee,		-- 예상 구독료
				tb5.stt_cd,				-- 서비스 상태
				tb5.svc_id ,			-- 서비스 아이디
				tb5.req_dt , 			-- 변경신청일자
				tb5.apr_yn ,			--  승인여부	
				tb5.req_usr_id ,		-- 등록자
				tb5.req_dt ,			-- 등록일시
				tb5.apr_usr_id ,		-- 승인자
				tb5.apr_dt 				-- 승인일시
			from corners.svc_req tb1	-- 서비스 신청
				left join corners.svc_apr tb2 on tb1.svc_id = tb2.svc_id			-- 서비스 승인
				left join corners.svc_chg_req tb5 on tb1.svc_id = tb5.svc_id and tb5.apr_yn = '0' and tb5.stt_cd not in ('8','9')	--서비스변경
				left join corners.svc_ctl tb6 on tb1.svc_ctl_id  = tb6.svc_ctl_id	-- 서비스카탈로그
				left join v4.site tb7 on tb1.wpc_cd = tb7.id						-- 사업장 정보
				left join v4.company tb8 on tb7.company_id  = tb8.id				-- 계열사 정보
				left join emro.esauser tb9 on tb9.usr_id = tb1.req_usr_id
		<where>
			1=1
			and tb1.svc_id = #{svc_id}
			<if test="wpc != null and wpc != ''">
				and tb1.wpc_cd IN
				<foreach collection="wpc" item="item" separator="," open="(" close=")">
					#{item.id}
				</foreach>
			</if>
			<if test="wpc_cd != null and wpc_cd != ''">
				and tb1.wpc_cd = #{wpc_cd}
			</if>
		</where>
	</select>
	
	<!-- 서비스 신청 관리  / 서비스 신청 상세 내역 / 변경 신청 건 디바이스 신청 수량 조회 -->
	<select id="getServiceAprChgListDvcDetail" resultType="map">
	/* getServiceAprChgListDvcDetail 서비스 신청 관리 > 서비스 신청 상세 내역 > 변경 신청 건 디바이스 신청 수량 조회 */
		select 
			tb3.chg_req_seq, 	--변경 등록 순번
			tb3.dvc_id,			--변경 등록 장비 아이디
			tb3.qtt 			--변경 수량
		from 
			corners.svc_req tb1
			join corners.svc_chg_req tb2 on tb1.svc_id = tb2.svc_id and tb2.apr_yn = '0'
			join corners.dvc_chg_req tb3 on tb2.chg_req_seq  = tb3.chg_req_seq 
		where
			1=1
			and tb2.stt_cd not in ('8','9')
			and tb1.svc_id = #{svc_id}
	</select>
	
	<!-- 서비스 신청관리 / 기 신청 여부 체크 -->
	<select id="checkedService" resultType="int">
	/* checkedService 서비스 신청관리 > 기 신청 여부 체크  */
		select count(SVC_ID) from
		<if test="stt_cd == 2">
			 CORNERS.SVC_APR
		</if>
		<if test="stt_cd == 3">
			CORNERS.SVC_TST 
		</if>
		<if test="stt_cd == 4">
			CORNERS.SVC_SST 
		</if>
			WHERE SVC_ID = #{svc_id}
	</select>
	
	<!-- 서비스 신청관리 / 신규신청 승인 SVC_REQ 상태 변경-->
	<update id="updateSvcReq">
	/* updateSvcReq 서비스 신청관리 > 신규신청 승인 SVC_REQ 상태 변경 */
		UPDATE CORNERS.SVC_REQ 
		SET STT_CD = #{stt_cd}
		WHERE SVC_ID = #{svc_id}
	</update>
	
	<!-- 서비스 신청관리 / 신규신청 승인 SVC_APR 등록-->
	<insert id="insertSvcApr">
	/* insertSvcApr 서비스 신청관리 > 신규신청 승인 SVC_APR 등록 */
		INSERT INTO corners.svc_apr
		(svc_id, apr_yn, mon_fee, apr_usr_id, apr_dt)
		VALUES(#{svc_id}, '1', #{mon_fee}, #{usr_id}, now());
	</insert>
	
	<!-- 서비스 신청관리 / 신규신청 승인 SVC_TST 등록-->
	<insert id="insertSvcTst">
	/* insertSvcTst 서비스 신청관리 > 신규신청 승인 SVC_TST 등록 */
		INSERT INTO corners.svc_tst
		(svc_id, ins_usr_id, ins_dt)
		VALUES(#{svc_id},#{usr_id}, now());
	</insert>
	
	<!-- 서비스 신청관리 / 신규신청 승인 SVC_SST 등록-->
	<insert id="insertSvcSst">
	/* insertSvcSst 서비스 신청관리 > 신규신청 승인 SVC_SST 등록 */
		INSERT INTO corners.svc_sst
		(svc_id, sst_str_dt, sst_end_dt, ins_usr_id, ins_dt)
		VALUES(#{svc_id}, to_date(#{sst_str_dt},'Mon DD, YYYY'), to_date(#{sst_end_dt},'Mon DD, YYYY'), #{usr_id}, now());
	</insert>
	
	<!-- 그룹 관리자, 서비스 이용 목록 조회 -->
	<select id="grpAdmServiceUseList" resultType="map">
	/* grpAdmServiceUseList 그룹 관리자 > 서비스 이용 목록 조회 */
		select
			tb1.svc_id,				-- 서비스ID
			tb8.id as group_id,		-- 계열사코드
			tb8.name as group_nm,	-- 계열사명		
			tb1.wpc_cd , 			-- 사업장코드
			tb7.name as wpc_nm, 	-- 사업장명
			tb1.svc_ctl_id ,		-- 카테고리코드
			tb6.svc_ctl_nm ,		-- 카테고리명
			case when tb4.sst_str_dt is null then '9999-12-31'
				 else tb4.sst_str_dt
			end as sst_str_dt,		-- 서비스개시일(구독)
			case when tb4.sst_end_dt is null then '9999-12-31'
				 else tb4.sst_end_dt
			end as sst_end_dt,		-- 서비스종료일(구독)
			tb1.sst_trm ,			-- 구독기간(약정기간)
			tb2.mon_fee,			-- 예상 구독료
			tb1.stt_cd,				-- 서비스 상태
			tb9.usr_nm,				-- 담당자 명
			tb9.email,				-- 담당자 이메일
			tb9.mobile_no 			-- 담당자 휴대폰
		from corners.svc_req tb1 -- 서비스 신청
			left join corners.svc_apr tb2 on tb1.svc_id = tb2.svc_id -- 서비스 승인
			left join corners.svc_tst tb3 on tb1.svc_id = tb3.svc_id-- 서비스 테스트
			left join corners.svc_sst tb4 on tb1.svc_id = tb4.svc_id-- 서비스 구독
			-- left join corners.SVC_CHG_REQ tb5 on tb1.svc_id = tb5.svc_id -- 서비스 변경
			left join corners.SVC_CHG_REQ tb5 on tb1.svc_id = tb5.svc_id and tb5.apr_yn != '1'
			left join corners.SVC_CTL tb6 on tb1.svc_ctl_id  = tb6.svc_ctl_id -- 서비스카탈로그
			left join v4.site tb7 on tb1.wpc_cd = tb7.id
			left join v4.company tb8 on tb7.company_id  = tb8.id				-- 계열사 정보
			left join emro.esauser tb9 on tb9.usr_id = tb1.req_usr_id
		<where>
			1=1
			-- and tb1.stt_cd not in ('0','8','9','10','11') -- 신청 / 취소/ 삭제 / 중단 / 만료는 표출하지 않음
			and tb1.stt_cd not in ('0','8','9') -- 장바구니 or 신청 전 / 취소/ 삭제는 표출하지 않음
			<if test="group_id != null and group_id != ''">
				and tb8.id = #{group_id}
			</if>
			<if test="wpc_cd != null and wpc_cd != ''">
				and tb1.wpc_cd = #{wpc_cd}
			</if>
			<if test="svc_ctl_id != null and svc_ctl_id != ''">
				and tb1.svc_ctl_id = #{svc_ctl_id}
			</if>
			<if test="svc_use_yn == 1">
				and tb1.stt_cd in ('2','3','4') -- 이용중인 상태 값만 표출
			</if>
			<if test="search != null and search != ''">
				and tb6.svc_ctl_nm like '%' || #{search} || '%' or tb7.name like '%' || #{search} || '%' or tb8.name like '%' || #{search} || '%'
			</if>
		</where>
	</select>
	
	<!-- 구독료 납부 관리 : 구독료 관리 목록 조회 -->
	<select id="serviceSstList" resultType="map">
	/* serviceSstList 구독료 납부 관리 > 구독료 관리 목록 조회 */
		select
			tb1.svc_id,		-- 서비스 id
			tb8.id as group_id,		-- 계열사코드
			tb8.name as group_nm,	-- 계열사명		
			tb1.wpc_cd , 			-- 사업장코드
			tb7.name as wpc_nm, 	-- 사업장명
			tb1.svc_ctl_id ,		-- 카테고리코드
			tb6.svc_ctl_nm ,		-- 카테고리명
			case when tb4.sst_str_dt is null then '9999-12-31'
				 else tb4.sst_str_dt
			end as sst_str_dt,		-- 서비스개시일(구독)
			case when tb4.sst_end_dt is null then '9999-12-31'
				 else tb4.sst_end_dt
			end as sst_end_dt,		-- 서비스종료일(구독)
			tb1.sst_trm ,			-- 구독기간(약정기간)
			tb2.mon_fee  			-- 월구독료
		from corners.svc_req tb1 -- 서비스 신청
			left join corners.svc_apr tb2 on tb1.svc_id = tb2.svc_id -- 서비스 승인
			left join corners.svc_tst tb3 on tb1.svc_id = tb3.svc_id-- 서비스 테스트
			left join corners.svc_sst tb4 on tb1.svc_id = tb4.svc_id -- 서비스 구독
			-- left join corners.SVC_CHG_REQ tb5 on tb1.svc_id = tb5.svc_id -- 서비스 변경
			left join corners.SVC_CHG_REQ tb5 on tb1.svc_id = tb5.svc_id and tb5.apr_yn != '1'
			left join corners.SVC_CTL tb6 on tb1.svc_ctl_id  = tb6.svc_ctl_id -- 서비스카탈로그
			left join v4.site tb7 on tb1.wpc_cd = tb7.id
			left join v4.company tb8 on tb7.company_id  = tb8.id				-- 계열사 정보
			left join emro.esauser tb9 on tb9.usr_id = tb1.req_usr_id
		<where>
			1=1
			and tb4.svc_id is not null
			and tb1.stt_cd = '4'
			<if test="group_id != null and group_id != ''">
				and tb8.id = #{group_id}
			</if>
			<if test="wpc_cd != null and wpc_cd != ''">
				and tb1.wpc_cd = #{wpc_cd}
			</if>
			<if test="svc_ctl_id != null and svc_ctl_id != ''">
				and tb1.svc_ctl_id = #{svc_ctl_id}
			</if>
			<if test="search != null and search != ''">
				and tb6.svc_ctl_nm like '%' || #{search} || '%' or tb7.name like '%' || #{search} || '%' or tb8.name like '%' || #{search} || '%'
			</if>
		</where>
	</select>
	
	<!-- 구독료 납부 관리 : 구독료 관리 목록 상세 조회 -->
	<select id="serviceSstListDetail" resultType="map">
	/* serviceSstListDetail 구독료 납부 관리 > 구독료 관리 목록 상세 조회  */
		select 
			<![CDATA[
			pmt_seq,				-- 납부SEQ
			sst_mon,				-- 납부회차
			exp_pmt_dt,				-- 납부 예정일
			'0' as exp_stt_yn,		-- 납부 가능 여부
			case					-- 납부 예정일 수정버튼 활성화 여부 1= true, 0 = false
				when exp_pmt_dt < now() then '0'
				else '1'
			end as exp_pmt_dt_stt,
			case					 -- 납부 상태 / 납부확인일 경우 납부 완료 / 납부 확인이 되지 않고 납부예정일이 지나면 미납, 아니면 대기
				when cnf_usr_id is null or cnf_usr_id = '' then
					case when exp_pmt_dt < now() then '0' -- 미납
						else '1'	-- 납부대기
					end
				else '2'			-- 납부완료
			end as exp_stt,
			case when pmt_dt is null then '9999-12-31'
				 else pmt_dt
			end as pmt_dt,			-- 납부완료일시
			cnf_usr_id,				-- 확인자
			case when cnf_dt is null then '9999-12-31'
				 else cnf_dt
			end as cnf_dt			-- 납부확인
			]]>
			from corners.fee_pmt
				where 1 = 1
				and svc_id = #{svc_id}
			order by pmt_seq
	</select>
	
	<!-- 서비스 구독료 테이블 저장 -->
	<insert id="insertFeePmt">
	/* insertFeePmt 서비스 구독료 테이블 저장  */
		INSERT INTO CORNERS.FEE_PMT
		(
			svc_id, sst_mon,  exp_pmt_dt
		) 
		values 
		<foreach collection="feePmtList" item="item" separator=",">
			( #{item.svc_id}, #{item.sst_mon},  to_date(#{item.exp_pmt_dt} ,'yyyy-MM-dd'))
		</foreach>
		;
	</insert>
	
	<!-- 구독료 납부 관리 : 구독료 관리 목록 상세 조회 : 날짜 수정 -->
	<update id="serviceSstListDetailChgDay">
	/* serviceSstListDetailChgDay 구독료 납부 관리 > 구독료 관리 목록 상세 조회 > 날짜 수정  */
		UPDATE corners.fee_pmt
			SET exp_pmt_dt=to_date(#{exp_pmt_dt} ,'Mon DD, YYYY')
			WHERE 
				1 = 1
				and pmt_seq = #{pmt_seq}
	</update>
	
	<!-- 구독료 납부 관리 : 구독료 관리 목록 상세 조회 : 납부 확인 -->
	<update id="serviceSstListDetailChgFee"> 
	/* serviceSstListDetailChgFee 구독료 납부 관리 > 구독료 관리 목록 상세 조회 > 납부 확인  */
		UPDATE corners.fee_pmt
			SET pmt_dt=now(), cnf_usr_id=#{usr_id}, cnf_dt=now()
			WHERE 
				1 = 1
				and pmt_seq = #{pmt_seq}
	</update>
	
	<!-- 구독료 통계 조회 -->
	<select id="getMonFeeStatistics" resultType="map">
	/* getMonFeeStatistics 구독료 통계 조회  */
		select
			tb1.svc_id,				-- 서비스 id
			tb8.id as group_id,		-- 계열사코드
			tb8.name as group_nm,	-- 계열사명		
			tb1.wpc_cd , 			-- 사업장코드
			tb7.name as wpc_nm, 	-- 사업장명
			tb1.svc_ctl_id ,		-- 카테고리코드
			tb6.svc_ctl_nm ,		-- 카테고리명
			tb4.sst_str_dt,			-- 서비스개시일(구독)
			tb4.sst_end_dt,			-- 서비스종료일(구독)
			tb1.sst_trm ,			-- 구독기간(약정기간)			
			tb10.sst_mon,			-- 납부회차
			tb10.pmt_dt, 			-- 납부 완료일
			tb2.mon_fee  			-- 월구독료
		from corners.svc_req tb1 -- 서비스 신청
			left join corners.svc_apr tb2 on tb1.svc_id = tb2.svc_id -- 서비스 승인
			left join corners.svc_tst tb3 on tb1.svc_id = tb3.svc_id-- 서비스 테스트
			left join corners.svc_sst tb4 on tb1.svc_id = tb4.svc_id -- 서비스 구독
			-- left join corners.SVC_CHG_REQ tb5 on tb1.svc_id = tb5.svc_id -- 서비스 변경
			left join corners.SVC_CHG_REQ tb5 on tb1.svc_id = tb5.svc_id and tb5.apr_yn != '1'
			left join corners.SVC_CTL tb6 on tb1.svc_ctl_id  = tb6.svc_ctl_id -- 서비스카탈로그
			left join v4.site tb7 on tb1.wpc_cd = tb7.id
			left join v4.company tb8 on tb7.company_id  = tb8.id				-- 계열사 정보
			left join emro.esauser tb9 on tb9.usr_id = tb1.req_usr_id
			left join corners.fee_pmt tb10 on tb1.svc_id = tb10.svc_id 
		 <where>
		 	1=1
			and tb4.svc_id is not null
			and tb10.pmt_dt is not null
			<if test="group_id != null and group_id != ''">
				and tb8.id = #{group_id}
			</if>
			<if test="wpc_cd != null and wpc_cd != ''">
				and tb1.wpc_cd = #{wpc_cd}
			</if>
			<if test="svc_ctl_id != null and svc_ctl_id != ''">
				and tb1.svc_ctl_id = #{svc_ctl_id}
			</if>
			<if test="(sst_str_dt != null and sst_str_dt != '') || (sst_end_dt != null and sst_end_dt != '')">
				and tb10.pmt_dt between to_timestamp(#{sst_str_dt},'Mon DD, YYYY HH24:MI:SS') and to_timestamp(#{sst_end_dt},'Mon DD, YYYY HH24:MI:SS')
			</if>
			<if test="search != null and search != ''">
				and tb6.svc_ctl_nm like '%' || #{search} || '%' or tb7.name like '%' || #{search} || '%' or tb8.name like '%' || #{search} || '%'
			</if>
		</where>
			order by tb1.svc_id, tb10.sst_mon
	</select>
	
	<!-- 변경 승인 : 서비스 신청 히스토리 생성
	<insert id="addSvcChgHst" parametertype="map" useGeneratedKeys="true" keyProperty="chg_seq" >
		INSERT INTO corners.svc_chg_hst
					(chg_req_seq, svc_id, sst_trm, dsr_str_dt
					, exp_end_dt, exp_mon_fee, req_usr_id, req_dt
					, mon_fee, apr_usr_id, apr_dt, sst_str_dt, sst_end_dt)
			VALUES (#{chg_req_seq}, #{svc_id}, #{sst_trm}, #{dsr_str_dt}
					, #{exp_end_dt}, #{exp_mon_fee}, #{req_usr_id}, #{req_dt}
					, #{mon_fee}, #{apr_usr_id}, #{apr_dt}, #{sst_str_dt}, #{sst_end_dt});
	</insert>
	 -->
	<!--  서비스 신청 관리 : 변경 승인 : 서비스 변경 내역 저장 -->
	<select id="addSvcChgHst" resultType="integer" >
	/* addSvcChgHst 서비스 신청 관리 > 변경 승인 > 서비스 변경 내역 저장  */
		INSERT INTO corners.svc_chg_hst
					(chg_req_seq, svc_id, sst_trm, dsr_str_dt
					, exp_end_dt, exp_mon_fee, req_usr_id, req_dt
					, mon_fee, apr_usr_id, apr_dt, sst_str_dt, sst_end_dt)
			VALUES (#{chg_req_seq}, #{svc_id}, #{sst_trm}, #{dsr_str_dt}
					, #{exp_end_dt}, #{exp_mon_fee}, #{req_usr_id}, #{req_dt}
					, #{mon_fee}, #{apr_usr_id}, #{apr_dt}, #{sst_str_dt}, #{sst_end_dt});
					
		SELECT currval('svc_chg_hst_chg_seq_seq');
	</select>
	
	<!-- 변경 승인 : 이용 장비 히스토리 생성 -->
	<insert id="addDvcChgHst">
	/* addDvcChgHst 변경 승인 > 이용 장비 히스토리 생성  */
		INSERT INTO corners.dvc_chg_hst
			(dvc_id, chg_seq, qtt)
		values
		<foreach collection="dvc_list" item="item" separator=",">
			( #{item.dvc_id}, #{chg_seq}, #{item.qtt} )
		</foreach>
		;
	</insert>
	
	<!-- 서비스 신청 관리 : 변경 승인 : 구독 기간 변경 -->
	<update id="serviceChgDt"> 
	/* serviceChgDt 서비스 신청 관리 > 변경 승인 > 구독 기간 변경  */
		UPDATE corners.svc_req
			SET 
				 sst_trm = #{sst_trm}
				, exp_end_dt = #{exp_end_dt}
				, exp_mon_fee = #{exp_mon_fee}
				, upd_usr_id = #{req_usr_id}
				, upd_dt = #{req_dt}
				WHERE 
				svc_id= #{svc_id};
	</update>
	
	<!-- 서비스 신청 관리 : 변경 승인 : 구독 기간 변경 : 서비스 중지 -->
	<update id="serviceChgSvcReqSttCd">
	/* serviceChgSvcReqSttCd 서비스 신청 관리 > 변경 승인 > 구독 기간 변경 > 서비스 중지  */
		UPDATE corners.svc_req
			SET 
				 stt_cd = #{stt_cd}
			WHERE 
				svc_id= #{svc_id};
	</update>
	
	<!-- 서비스 신청 관리 : 변경 승인 : 신청 장비 수량을 변경 -->
	<update id="serviceChgSvcDvc"> 
	/* serviceChgSvcDvc 서비스 신청 관리 > 변경 승인 > 신청 장비 수량을 변경  */
		<foreach collection="dvc_list" item="item" index="index" separator=";" > 
			update corners.svc_dvc SET 
				qtt = #{item.qtt}
			WHERE svc_id = #{svc_id} and dvc_id = #{item.dvc_id} 
		</foreach> 
	</update>
	
	<!-- 서비스 신청 관리 : 변경 승인 : 구독 기간 변경 : 최종 월 구독료 변경 -->
	<update id="serviceChgSvcAprMonFee">
	/* serviceChgSvcAprMonFee 서비스 신청 관리 > 변경 승인 > 구독 기간 변경 > 최종 월 구독료 변경  */
		UPDATE corners.svc_apr
			SET 
				apr_yn= '1'
				, mon_fee= #{mon_fee}
				, apr_usr_id= #{usr_id}
				, apr_dt= now()
			WHERE svc_id= #{svc_id};
	</update>
	
	<!-- 서비스 신청 관리 : 변경 승인 : 구독 기간 변경 : 변경 처리 완료 -->
	<update id="serviceChgSvcReqApr"> 
	/* serviceChgSvcReqApr 서비스 신청 관리 > 변경 승인 > 구독 기간 변경 > 변경 처리 완료  */
		UPDATE corners.svc_chg_req
			SET apr_yn=1, apr_usr_id=#{usr_id}, apr_dt=now()
			WHERE chg_req_seq= #{chg_req_seq};
	</update>
	
	<!-- 서비스 신청 관리 : 변경 승인 : 구독 기간 변경 : 변경 처리 완료 : 구독료 정보 삭제 -->
	<delete id="serviceChgSvcReqAprSubFee"> 
	/* serviceChgSvcReqAprSubFee 서비스 신청 관리 > 변경 승인 > 구독 기간 변경 > 변경 처리 완료 > 구독료 정보 삭제  */
		DELETE FROM corners.fee_pmt
			where 1 = 1
			and svc_id = #{svc_id}
			and sst_mon > #{sst_mon}
	</delete>
</mapper>