<!DOCTYPE mapper
  PUBLIC "-//mybatis.org//DTD Mapper 3.0//EN"
  "http://mybatis.org/dtd/mybatis-3-mapper.dtd">

<mapper namespace="hae.safety.platform.servicemange.api.mapper.ServiceInquiryManageMapper">
	
	<!-- 1 : 1 서비스 요청 : 조회 -->
	<select id="searchHotLine" resultType="map">
	/* searchHotLine  1 : 1 서비스 요청 : 조회 */
		select
			tb1.pst_seq,
			case
				when tb1.res_dt is not null then '1'
				else '0'
			end as status_code,
			case
				when tb1.res_dt is not null then '답변완료'
				else '미답변'
			end as status_nm,
			tb5.id as group_id,		-- 계열사코드
			tb5.name as group_nm,	-- 계열사명		
			tb2.wpc_cd,
			tb3.name as wpc_nm,
			tb4.svc_ctl_nm,
			tb1.req_tp_cd,
			tb1.req_dt 
		from
			corners.svc_brd tb1
			left join corners.svc_req tb2 on tb1.svc_id = tb2.svc_id			-- 서비스 신청
			left join v4.site tb3 on tb2.wpc_cd = tb3.id						-- 사업자 정보
			left join corners.SVC_CTL tb4 on tb2.svc_ctl_id  = tb4.svc_ctl_id	-- 서비스카탈로그
			left join v4.company tb5 on tb3.company_id  = tb5.id				-- 계열사 정보
		<where>
			1=1
			<if test="wpc != null and wpc != ''">
				and tb2.wpc_cd IN
				<foreach collection="wpc" item="item" separator="," open="(" close=")">
					#{item.id}
				</foreach>
			</if>
			<if test="wpc_cd != null and wpc_cd != ''">
				and tb2.wpc_cd = #{wpc_cd}
			</if>
			<if test="req_tp_cd != null and req_tp_cd != ''">
				and tb1.req_tp_cd = #{req_tp_cd}
			</if>
			<if test="svc_ctl_id != null and svc_ctl_id != ''">
				and tb2.svc_ctl_id = #{svc_ctl_id}
			</if>
			<if test="status_code == 1">
				and tb1.res_dt is not null
			</if>
			<if test="status_code == 0">
				and tb1.res_dt is null
			</if>
			<if test="group_id != null and group_id != ''">
				and tb5.id = #{group_id}
			</if>
			<if test="search != null and search != ''">
				<!-- bind name="svcCtlNmPattern" value="'%' + p.svc_ctl_nm + '%'" /-->
				and tb3.name like '%' || #{search} || '%' or tb4.svc_ctl_nm like '%' || #{search} || '%'
			</if>
		</where>
	</select>
	
	<!-- 1 : 1 서비스 요청 : 문의 상세 조회 -->
	<select id="searchHotLineDetail" resultType="map">
	/* searchHotLineDetail  1 : 1 서비스 요청 : 문의 상세 조회 */
		select
			tb1.pst_seq,			-- 문의 순번
			tb4.svc_ctl_nm,			-- 카탈로그명
			tb2.wpc_cd,				-- 사업장코드
			tb3.name as wpc_nm,		-- 사업장명
			tb5.address ,			-- 사업장 주소
			tb6.usr_nm,				-- 담당자명
			tb6.email,				-- 이메일
			tb6.phone_no,			-- 연락처 mobile
			tb6.mobile_no,			-- 연락처 phone
			tb1.svc_id,				-- 서비스아이디
			tb1.req_tp_cd,			-- 요청 유형
			tb1.req_dt,				-- 요청 일시
			tb1.req_ctt,			-- 요청 내용
			tb1.res_dt,				-- 답변 일시
			tb1.res_ctt,			-- 답변 내용
			tb1.req_usr_id			-- 요청자 id
		from
			corners.svc_brd tb1
			left join corners.svc_req tb2 on tb1.svc_id = tb2.svc_id			-- 서비스 신청
			left join v4.site tb3 on tb2.wpc_cd = tb3.id						-- 사업자 정보
			left join corners.SVC_CTL tb4 on tb2.svc_ctl_id  = tb4.svc_ctl_id	-- 서비스카탈로그
			left join v4.company tb5 on tb3.company_id  = tb5.id				-- 계열사 정보
			left join emro.esauser tb6 on tb6.usr_id = tb1.req_usr_id			-- 사용자 정보
		<where>
			1=1
			and tb1.pst_seq = #{pst_seq}
			<if test="wpc != null and wpc != ''">
				and tb2.wpc_cd IN
				<foreach collection="wpc" item="item" separator="," open="(" close=")">
					#{item.id}
				</foreach>
			</if>
		</where>
	</select>
	
	<!-- 1 : 1 서비스 요청 : 문의 등록 -->
	<insert id="addHotLine">
	/* addHotLine  1 : 1 서비스 요청 : 문의 등록 */
	insert	into
			corners.svc_brd
			(
				svc_id,		-- 이용 서비스 아이디
				req_tp_cd,	-- 문의 유형 
				req_ctt,	-- 문의 내용
				req_dt,		-- 문의 일자
				req_usr_id	-- 문의자
			)
		values
			(
				#{svc_id},
				#{req_tp_cd},
				#{req_ctt},
				now(),
				#{usr_id}
			);
	</insert>
	
	<!-- 1 : 1 서비스 요청 : 문의 내용 삭제 -->
	<delete id="deleteHotLine">
	/* deleteHotLine  1 : 1 서비스 요청 : 문의 내용 삭제 */
	DELETE 
		FROM corners.svc_brd
		WHERE pst_seq=#{pst_seq}
	</delete>
	
	<!-- 1 : 1 서비스 요청 : 답변 등록 -->
	<update id="resHotLine">
	/* resHotLine  1 : 1 서비스 요청 : 답변 등록 */
		UPDATE corners.svc_brd
			SET res_ctt=#{res_ctt}, res_dt=now(), res_usr_id=#{usr_id}
			WHERE pst_seq = #{pst_seq}
	</update>
	
	<!-- 서비스 문의 : 조회 -->
	<select id="getQNAList" resultType="map">
	/* getQNAList  서비스 문의 : 조회 */
		select
				tb1.pst_seq,
				case
					when tb1.ans_dt is not null then '1'
					else '0'
				end as status_code,
				case
					when tb1.ans_dt is not null then '답변완료'
					else '미답변'
				end as status_nm,
				tb1.qst_ttl,		-- 문의 제목
				tb1.qst_usr_nm,		-- 문의자 
				tb1.qst_dt			-- 문의 날자
			from
				corners.qna_brd tb1
		<where>
			1=1
			<if test="status_code == 1">
				and tb1.ans_dt is not null
			</if>
			<if test="status_code == 0">
				and tb1.ans_dt is null
			</if>
			<if test="search != null and search != ''">
				<!-- bind name="svcCtlNmPattern" value="'%' + p.svc_ctl_nm + '%'" /-->
				and tb1.qst_ttl like '%' || #{search} || '%' or tb1.qst_usr_nm like '%' || #{search} || '%'
			</if>		
		</where>
	</select>
	
	<!-- 서비스 문의 : 문의 상세 조회 -->
	<select id="searchQNADetail" resultType="map">
	/* searchQNADetail  서비스 문의 : 문의 상세 조회 */
		select
				tb1.pst_seq,		-- 문의 순번
				tb1.qst_usr_nm,		-- 문의자 
				tb1.qst_usr_org,	-- 문의자 소속 및 직책
				tb1.qst_usr_eml, 	-- 문의자 이메일
				tb1.qst_usr_phn,	-- 문의자 연락처
				tb1.qst_ttl,		-- 문의 제목
				tb1.qst_ctt,		-- 문의 내용
				tb1.qst_dt,			-- 문의 날자
				tb1.ans_ctt,		-- 답변 내용
				tb1.ans_dt, 		-- 답변 일자
				tb1.ans_usr_id		-- 답변자 아이디
			from
				corners.qna_brd tb1
			where tb1.pst_seq = #{pst_seq}
	</select>
	
	<!-- 1 : 1 서비스 요청 : 문의 등록 -->
	<insert id="reqQNA">
	/* reqQNA  서비스 문의 : 문의 등록 */
		insert	into
			corners.qna_brd
			(				
				qst_ttl,		-- 문의제목
				qst_ctt,		-- 문의내용
				qst_usr_nm,		-- 이름
				qst_usr_org,	-- 소속 및 직책
				qst_usr_eml,	-- 이메일
				qst_usr_phn,	-- 연락처
				qst_dt			-- 연락처
			)
		values
			(
				#{qst_ttl},
				#{qst_ctt},
				#{qst_usr_nm},
				#{qst_usr_org},
				#{qst_usr_eml},
				#{qst_usr_phn},
				now()				
			);
	</insert>
	
	<!-- 서비스 문의 : 답변 등록 -->
	<update id="resQNA">
	/* resQNA  서비스 문의 : 답변 등록 */
		UPDATE corners.qna_brd
			SET ans_ctt=#{ans_ctt}, ans_dt=now(), ans_usr_id=#{usr_id}
			WHERE pst_seq = #{pst_seq}
	</update>
	
</mapper>