<!DOCTYPE mapper
  PUBLIC "-//mybatis.org//DTD Mapper 3.0//EN"
  "http://mybatis.org/dtd/mybatis-3-mapper.dtd">

<mapper namespace="hae.safety.platform.servicemange.api.mapper.ServiceCtlManageMapper">
	<!-- 
	<select id="getDevicesByCatalogId" resultType="map">
		SELECT A.DVC_ID, A.MDT_YN, B.DVC_NM
		FROM CORNERS.SVC_CTL_DVC A
			JOIN CORNERS.DEVICE_TEMP B ON A.DVC_ID = B.DVC_ID
		<where>
			AND A.SVC_CTL_ID = #{svc_ctl_id}
			
			<if test="mdt_yn != null and mdt_yn != '' ">
				and A.MDT_YN = #{mdt_yn}
			</if>
		</where>
    </select>
     -->
    <!-- 카탈로그 등록 장비 리스트 조회-->
    <select id="getDevicesByCatalogId" resultType="map">
    /* getDevicesByCatalogId 카탈로그 등록 장비 리스트 조회 */
		select a.dvc_id, a.mdt_yn, b.product_name as dvc_nm
		from corners.svc_ctl_dvc a
			join v4.product b on a.dvc_id = b.product_id
		<where>
			and a.svc_ctl_id = #{svc_ctl_id}
			<if test="mdt_yn != null and mdt_yn != ''">
				and a.mdt_yn = #{mdt_yn}
			</if>
		</where>
    </select>
    
    <!-- 예상 월 구독료 조회-->
    <select id="getDeviceMonthlyFee" resultType="map">
    /* getDeviceMonthlyFee 예상 월 구독료 조회 */
		select *
		from corners.dvc_fee
		where sst_trm = #{sst_trm}
		and dvc_id IN
		<foreach collection="dvc_list" item="item" separator="," open="(" close=")">
			#{item.dvc_id}
		</foreach>
	</select>
	
	<!-- 기신청 서비스 존재여부 조회-->
	<select id="getExistingServiceCnt" resultType="int">
	/* getExistingServiceCnt 기신청 서비스 존재여부 조회 */
		select count(1) cnt
		from corners.svc_req
		where svc_ctl_id = #{svc_ctl_id}
		and wpc_cd = #{wpc_cd}
		and stt_cd in ('1','2','3','4')
	</select>
	
	<!-- svc_id 채번-->
	<select id="getNextSVCId" resultType="int">
	/* getNextSVCId svc_id 채번 */
		select nextval('corners.svc_req_svc_id_seq')  
	</select>
	
	<!-- svc_req 등록-->
	<insert id="insertSVCREQ">
	/* insertSVCREQ svc_req 등록 */
		insert into corners.svc_req
		(
			 svc_id, wpc_cd, svc_ctl_id, sst_trm, dsr_str_dt, exp_end_dt, 
			exp_mon_fee, bsk_itm_yn, stt_cd, req_usr_id, req_dt, cmp_cd
		) values (
			 #{svc_id}, #{wpc_cd}, #{svc_ctl_id}, #{sst_trm}, to_date(#{dsr_str_dt},'Mon DD, YYYY'), to_date(#{exp_end_dt}, 'Mon DD, YYYY'),
			#{exp_mon_fee}, #{bsk_itm_yn}, #{stt_cd}, #{usr_id}, now() , #{user_company_id}
		);
	</insert>
   
   <!-- svc_dvc 등록-->
    <insert id="insertSVCDVC">
    /* insertSVCDVC svc_dvc 등록 */
		insert into corners.svc_dvc
		(
			svc_id, dvc_id, qtt
		) 
		values 
		<foreach collection="dvc_list" item="item" separator=",">
			( #{svc_id}, #{item.dvc_id}, #{item.qtt} )
		</foreach>
		;
	</insert>
   
   <!-- C-서비스 이용 현황 - 사업장별 신청 서비스 조회 -->
	<select id="getWpcServiceList" resultType="map">
	/* getWpcServiceList C-서비스 이용 현황 > 사업장별 신청 서비스 조회 */
		select
			distinct tb1.svc_ctl_id , -- 카테고리코드
			tb2.svc_ctl_nm -- 카테고리명
		from corners.svc_req tb1 -- 서비스 신청
			left join corners.SVC_CTL tb2 on tb1.svc_ctl_id  = tb2.svc_ctl_id -- 서비스카탈로그
			left join v4.site tb3 on tb1.wpc_cd = tb3.id
		<where>
			1=1
			and tb1.svc_ctl_id is not null
			<if test="wpc != null and wpc != ''">
				and tb1.wpc_cd IN
				<foreach collection="wpc" item="item" separator="," open="(" close=")">
					#{item.id}
				</foreach>
			</if>
		</where>
		--group by tb1.svc_ctl_id, tb2.svc_ctl_nm
		order by tb1.svc_ctl_id asc
	</select>
	
	<!-- C-서비스 이용 현황 - 사업장별 이용 서비스 조회 -->
	<select id="getWpcServiceListAll" resultType="map">
	/* getWpcServiceListAll C-서비스 이용 현황 > 사업장별 이용 서비스 조회 */
		select
			tb1.svc_id , -- 사업장 코드
			tb1.wpc_cd , -- 사업장 코드
			tb1.svc_ctl_id , -- 카테고리코드
			tb2.svc_ctl_nm -- 카테고리명
		from corners.svc_req tb1 -- 서비스 신청
			left join corners.SVC_CTL tb2 on tb1.svc_ctl_id  = tb2.svc_ctl_id -- 서비스카탈로그
			left join v4.site tb3 on tb1.wpc_cd = tb3.id
		<where>
			1=1
			and tb1.svc_ctl_id is not null
			and tb1.stt_cd in ('1','2','3','4')
			<if test="wpc != null and wpc != ''">
				and tb1.wpc_cd IN
				<foreach collection="wpc" item="item" separator="," open="(" close=")">
					#{item.id}
				</foreach>
			</if>
		</where>
		order by tb1.svc_ctl_id asc
	</select>
	
	<!-- C-서비스 이용 현황 - 조회 -->
	<select id="getServiceUseList" resultType="map">
	/* getServiceUseList C-서비스 이용 현황 > 조회 */
		select
				<![CDATA[
				tb1.req_dt , 		-- 신청일자
				tb1.wpc_cd , 		-- 사업장코드
				tb7.name as wpc_nm, -- 사업장명
				tb1.svc_id ,		-- 서비스 아이디
				tb1.svc_ctl_id ,	-- 카테고리코드
				tb6.svc_ctl_nm ,	-- 카테고리명				
				case when tb4.sst_str_dt is null then '9999-12-31'
					 else tb4.sst_str_dt
				end as sst_str_dt,	-- 서비스개시일(구독)
				case when tb4.sst_end_dt is null then '9999-12-31'
					 else tb4.sst_end_dt
				end as sst_end_dt,	-- 서비스종료일(구독)
--				tb4.sst_str_dt ,	-- 서비스개시일(구독)
--				tb4.sst_end_dt ,	-- 서비스종료일(구독)
				tb1.sst_trm ,		-- 구독기간
				tb1.dsr_str_dt ,	-- 서비스개시요청일자(신청)
				tb1.exp_end_dt,		-- 서비스만료예정일자(신청)
				tb1.exp_mon_fee ,	-- 월구독료(예상)
				tb2.mon_fee,		-- 월구독료(확정)
				tb1.bsk_itm_yn,		-- 장바구니 저장 여부 
				tb1.stt_cd,			-- 상태코드 {정상 0, 취소 8, 삭제, 9}
				case
					when tb4.sst_end_dt < now() then '만료'	-- 만료 서비스 종료일이 지난 서비스의 경우 만료 표출 버튼 없음
					when tb1.stt_cd = '0' then
						case 
							when tb1.bsk_itm_yn = '1' then '장바구니'	-- 미승인 / 장바구니에만 담긴 상태
							when tb1.bsk_itm_yn = '0' then '신청'		-- 미승인 / 장바구니에 안 담김 상태
						end
					when tb1.stt_cd in ('1','2','3','4') then		-- 정상 이용 상태
						case 
							when tb5.svc_id is null then 
								case
									when tb1.stt_cd = '4' then '이용중'		-- 구독 중인 서비스로 변경 버튼 표출 
									when tb1.stt_cd = '3' then '개시대기'		-- 신청 -> 승인 -> 서비스 개시일 이전 상태
									when tb1.stt_cd = '2' then '승인완료'		-- 신청 -> 승인 완료 상태
									when tb1.stt_cd = '1' then '신청완료'		-- 신청 -> 승인 대기 중 상태 / 취소 가능
								end
							else 
								case
									when tb1.stt_cd = '4' then '이용중(변경신청)'		-- 구독 중인 서비스로 변경 버튼 표출 
									when tb1.stt_cd = '3' then '개시대기(변경신청)'		-- 신청 -> 승인 -> 서비스 개시일 이전 상태
									when tb1.stt_cd = '2' then '승인완료(변경신청)'		-- 신청 -> 승인 완료 상태
									when tb1.stt_cd = '1' then '신청완료(변경신청)'		-- 신청 -> 승인 대기 중 상태 / 취소 가능
								end
						end
					when tb1.stt_cd = '8' then '취소'					-- 신청 후 /취소/삭제 가능상태
					when tb1.stt_cd = '9' then '삭제'					-- 신청/삭제
					when tb1.stt_cd = '10' then '중단'				-- 서비스 중단
				end as status_nm,
				case
					when tb4.sst_end_dt < now() then ''	-- 만료 다음 진행 버튼 없음
					when tb1.stt_cd = '0' then	'0'				-- 신청 가능 상태
					when tb1.stt_cd = '1' then	'9'				-- 신청 상태 재신청 및 삭제 가능 상태
					when tb1.stt_cd in ('2','3','4') then	-- 정상 이용 상태
						case 
							when tb5.svc_id is null then '5'	-- 정상 이용 상태 변경 신청 가능
							else '8'							-- 정상 이용 변경 신청 상태 취소 가능
						end
					when tb1.stt_cd = '8' then '9'			-- 취소 상태 삭제 가능
					when tb1.stt_cd	is not null then ''		-- 이외의 상태 코드
				end as status_code
			from corners.svc_req tb1 -- 서비스 신청
				left join corners.svc_apr tb2 on tb1.svc_id = tb2.svc_id -- 서비스 승인
				left join corners.svc_tst tb3 on tb1.svc_id = tb3.svc_id-- 서비스 테스트
				left join corners.svc_sst tb4 on tb1.svc_id = tb4.svc_id-- 서비스 구독
				-- left join corners.SVC_CHG_REQ tb5 on tb1.svc_id = tb5.svc_id -- 서비스 변경
				left join corners.SVC_CHG_REQ tb5 on tb1.svc_id = tb5.svc_id and tb5.apr_yn = '0' and tb5.stt_cd not in ('8','9')
				left join corners.SVC_CTL tb6 on tb1.svc_ctl_id  = tb6.svc_ctl_id -- 서비스카탈로그
				left join v4.site tb7 on tb1.wpc_cd = tb7.id
				 ]]>
		<where>
			1=1
			<if test="wpc != null and wpc != ''">
				and 
				( 
					tb1.wpc_cd IN
					<foreach collection="wpc" item="item" separator="," open="(" close=")">
						#{item.id}
					</foreach>				
				<if test="user_company_id != null and user_company_id != ''">
					or tb1.cmp_cd = #{user_company_id}
				</if>
				)
			</if>
			<if test="wpc_cd != null and wpc_cd != ''">
				and tb1.wpc_cd = #{wpc_cd}
			</if>
			<if test="svc_ctl_id != null and svc_ctl_id != ''">
				and tb1.svc_ctl_id = #{svc_ctl_id}
			</if>
			<if test="bsk_itm_yn != 0 and bsk_itm_yn != null and bsk_itm_yn != ''">
				
				and tb1.stt_cd in ('0')
			</if>
			<if test="stt_cd != 0 and stt_cd != null and stt_cd != ''">
				and tb1.stt_cd in ('2','3','4') -- 이용중인 상태 값만 표출
			</if>
			<if test="search != null and search != ''">
				and tb6.svc_ctl_nm like '%' || #{search} || '%' or tb7.name like '%' || #{search} || '%'
			</if>			
		</where>
	</select>
   	
	<!-- 서비스 이용 현황 / 서비스 이용 상세 내역 -->
	<select id="getServiceUseListDetail" resultType="map">
	/* getServiceUseListDetail 서비스 이용 현황 > 서비스 이용 상세 내역 */
		select
				tb1.wpc_cd , 		-- 사업장코드
				tb4.name as wpc_nm, -- 사업장명
				tb1.req_dt , 		-- 신청일자
				tb1.dsr_str_dt ,	-- 서비스 개시 요청일
				tb1.exp_end_dt ,	-- 서비스 만료 예정일
				tb1.sst_trm ,		-- 구독기간(약정기간)
				tb1.svc_id ,		-- 서비스 아이디
				tb1.svc_ctl_id ,	-- 카테고리코드
				tb3.svc_ctl_nm ,	-- 카테고리명
				tb3.ptl_rol_cd ,	-- 포탈롤코드
				tb2.sst_str_dt ,	-- 서비스개시일(구독)
				tb2.sst_end_dt ,  	-- 서비스종료일(구독)
				tb1.exp_mon_fee,	-- 예상 구독료
				tb5.mon_fee 		-- 월구독료
			from corners.svc_req tb1 -- 서비스 신청
				left join corners.svc_sst tb2 on tb1.svc_id = tb2.svc_id-- 서비스 구독
				left join corners.SVC_CTL tb3 on tb1.svc_ctl_id  = tb3.svc_ctl_id -- 서비스카탈로그				
				left join v4.site tb4 on tb1.wpc_cd = tb4.id
				left join corners.SVC_APR tb5 on tb1.svc_id = tb5.svc_id
		<where>
			1=1
			<if test="wpc != null and wpc != ''">
				and 
				( 
					tb1.wpc_cd IN
					<foreach collection="wpc" item="item" separator="," open="(" close=")">
						#{item.id}
					</foreach>				
				<if test="user_company_id != null and user_company_id != ''">
					or tb1.cmp_cd = #{user_company_id}
				</if>
				)
			</if>
			<if test="wpc_cd != null and wpc_cd != ''">
				and tb1.wpc_cd = #{wpc_cd}
			</if>
			and tb1.svc_id = #{svc_id}
		</where>
	</select>
	
	<!-- 서비스 이용 현황 / 서비스 이용 상세 내역 디바이스 신청 수량 조회 -->
	<select id="getServiceUseDeviceListDetail" resultType="map">
	/* getServiceUseDeviceListDetail 서비스 이용 현황 > 서비스 이용 상세 내역 디바이스 신청 수량 조회 */
		select 
				tb1.svc_id,
				tb2.qtt, 
				tb4.mdt_yn,
				tb2.dvc_id,
				tb5.product_name 
		from 
			corners.svc_req tb1
			join corners.svc_dvc tb2 on tb1.svc_id = tb2.svc_id
			join corners.svc_ctl tb3 on tb1.svc_ctl_id = tb3.svc_ctl_id 
			join corners.svc_ctl_dvc tb4 on tb3.svc_ctl_id = tb4.svc_ctl_id and tb2.dvc_id = tb4.dvc_id
			join v4.product tb5 on tb4.dvc_id = tb5.product_id
		<where>
			1=1
			and tb1.svc_id = #{svc_id}
		</where>
	</select>
	
	<!-- 서비스 이용 현황 / 서비스 이용 상세 내역 구독료 조회 -->
	<select id="getServiceUseListDetailPayList" resultType="map">
	/* getServiceUseListDetailPayList 서비스 이용 현황 > 서비스 이용 상세 내역 구독료 조회 */
		select
				<![CDATA[
				tb1.pmt_seq,	-- 납부 순번
				tb1.sst_mon,	-- 구독 년월일
				tb1.exp_pmt_dt, -- 납부 예정일
				tb1.pmt_dt,		-- 납부 완료일시
				case 			-- 납부 상태
					when tb1.pmt_dt is null
						then
							case 
								when tb1.exp_pmt_dt < now() then '미납'
								else '대기'
							end
						else '납부완료'
				end as Pay_Status,
				tb1.cnf_dt,		-- 납부 확인일
				tb1.cnf_usr_id	-- 납부 확인자
				]]>
			from
				corners.FEE_PMT tb1
				left join corners.SVC_APR tb2 on tb2.svc_id = tb1.svc_id 
				left join corners.svc_req tb3 on tb3.svc_id = tb1.svc_id 
		<where>
			1=1
			and tb1.svc_id = #{svc_id}
		</where>
		order by sst_mon
	</select>
	
	<!-- 서비스 상태값(SVC_REQ.STT_CD)을 변경한다. -->
	<update id="serviceUseChange">
	/* serviceUseChange 서비스 이용 현황 > 서비스 상태값 변경 */
		UPDATE CORNERS.SVC_REQ 
		SET STT_CD = #{stt_cd}
		<if test="bsk_itm_yn == 1 or stt_cd == 1">
			, wpc_cd = #{wpc_cd}
			, dsr_str_dt = to_date(#{dsr_str_dt}, 'Mon DD, YYYY')
			, sst_trm = #{sst_trm}
			, exp_end_dt = to_date(#{exp_end_dt}, 'Mon DD, YYYY')
			, exp_mon_fee = #{exp_mon_fee}
		</if>
			, upd_usr_id = #{usr_id}
			, upd_dt = now()
			WHERE SVC_ID = #{svc_id}
	</update>
	
	<!-- 서비스 변경 요청 테이블 chg_req_seq을 반환 한다. -->
	<select id="getSvcChgReqSeq" resultType="int">
	/* getSvcChgReqSeq  chg_req_seq 반환 */
		select chg_req_seq
			from CORNERS.SVC_CHG_REQ 
		WHERE 1 = 1
			and SVC_ID = #{svc_id}
			and stt_cd = '0'
	</select>
	
	<!-- 서비스 변경 요청 테이블 상태값(SVC_CHG_REQ.STT_CD)을 변경한다. -->
	<update id="serviceUseChangeSvcChgReq">
	/* serviceUseChangeSvcChgReq  서비스 변경 요청 테이블 상태 변경 */
		UPDATE CORNERS.SVC_CHG_REQ 
		SET STT_CD = #{stt_cd}
			WHERE 1 = 1
			and chg_req_seq = #{chg_req_seq}
			and SVC_ID = #{svc_id}
	</update>
	
	<!-- 서비스 상태값(SVC_REQ.STT_CD)을 변경한다. -->
	<update id="changeApplyService">
	/* changeApplyService  서비스 상태값 변경 */
		/* delteApplyService */
		UPDATE CORNERS.SVC_REQ 
		SET STT_CD = #{stt_cd}
			, upd_usr_id = #{usr_id}
			, upd_dt = now()
		WHERE SVC_ID = #{svc_id}
	</update>
	
	<!-- 신청 장비 수량을 변경한다. -->
	<update id="changeSvcDvc"> 
	/* changeSvcDvc  신청 장비 수량을 변경 */
		<!-- <foreach collection="dvc_list" item="item" index="index" separator=";" open="DO $$ DECLARE" close="; END $$;">  -->
		<foreach collection="dvc_list" item="item" index="index" separator=";" > 
			update corners.svc_dvc SET 
				qtt = #{item.qtt}
			WHERE svc_id = #{item.svc_id} and dvc_id = #{item.dvc_id} 
		</foreach> 
	</update>	

	<!-- 서비스 변경 테이블 Seq를 구한다. -->
	<select id="getNextCHGREQID" resultType="int">
	/* getNextCHGREQID  서비스 변경 테이블 Seq 반환 */
			select nextval('corners.svc_chg_req_chg_req_seq_seq')  
	</select>
	
	<!-- C-서비스 이용 현황 - 서비스 신청 변경 등록 -->
	<insert id="insertSvcChgReq">
	/* insertSvcChgReq  서비스 변경 테이블 Seq 반환 */
		INSERT INTO CORNERS.SVC_CHG_REQ
			(CHG_REQ_SEQ, SVC_ID, CHG_RSN, TRM_CHG_CD, DVC_CHG_YN, SST_TRM, DSR_STR_DT, EXP_END_DT
			, EXP_MON_FEE, STT_CD, APR_YN, REQ_USR_ID, REQ_DT)	
		VALUES(#{chg_req_seq},#{svc_id},#{chg_rsn}, #{trm_chg_cd}, #{dvc_chg_yn}, #{sst_trm}, to_date(#{dsr_str_dt}, 'Mon DD, YYYY'), to_date(#{exp_end_dt}, 'Mon DD, YYYY')
			, #{exp_mon_fee}, #{stt_cd}, #{apr_yn}, #{usr_id}, now());
	</insert>
   
   <!-- DvcChqReq 등록 -->
    <insert id="insertDvcChqReq">
    /* insertDvcChqReq  DvcChqReq 등록 */
		INSERT INTO CORNERS.DVC_CHG_REQ
		(
			DVC_ID, CHG_REQ_SEQ,  QTT
		) 
		values 
		<foreach collection="dvc_list" item="item" separator=",">
			( #{item.dvc_id}, #{item.chg_req_seq},  #{item.qtt} )
		</foreach>
		;
	</insert>
	
	<!-- C-서비스 이용 현황 - 조회 -->
	<select id="getServiceArpList" resultType="map">
	/* getServiceArpList  C-서비스 이용 현황 - 조회 */
		select
				tb1.svc_id ,		-- 서비스 아이디
				case 
					when tb5.svc_id is not null then '2'
					else '1'
				end as service_gb_cd,
				case 
					when tb5.svc_id is not null then '변경'
					else '신규'
				end as service_gb__nm,
				tb8.id as group_id,	-- 계열사코드
				tb8.name as group_nm,	-- 계열사
				tb1.wpc_cd , 		-- 사업장코드
				tb7.name as wpc_nm, -- 사업장명
				tb1.svc_ctl_id ,	-- 카테고리코드
				tb6.svc_ctl_nm ,	-- 카테고리명	
				case
					when tb1.stt_cd = '1' then '신규신청'
					when tb1.stt_cd in ('2','3','4') then	-- 승인완료, 개시대기, 이용중 상태
						case 
							when tb5.svc_id is not null then 
								case
									when tb1.stt_cd = '4' then '이용중 (변경 신청)'		-- 구독 중인 서비스로 변경 버튼 표출 
									when tb1.stt_cd = '3' then '개시대기 (변경 신청)'		-- 신청 -> 승인 -> 서비스 개시일 이전 상태
									when tb1.stt_cd = '2' then '승인완료(변경 신청)'		-- 신청 -> 승인 완료 상태
								end
							else 
								case
									when tb1.stt_cd = '4' then '이용중'		-- 구독 중인 서비스로 변경 버튼 표출 
									when tb1.stt_cd = '3' then '개시대기'		-- 신청 -> 승인 -> 서비스 개시일 이전 상태
									when tb1.stt_cd = '2' then '승인완료'		-- 신청 -> 승인 완료 상태
								end
						end
				end as status_nm,	--  현재상태
				tb1.req_dt ,		-- 신청일자
				case when tb4.sst_str_dt is null then '9999-12-31'
					 else tb4.sst_str_dt
				end as sst_str_dt,	-- 서비스개시일(구독)
				case when tb4.sst_end_dt is null then '9999-12-31'
					 else tb4.sst_end_dt
				end as sst_end_dt	-- 서비스종료일(구독)
			from corners.svc_req tb1 -- 서비스 신청
				left join corners.svc_apr tb2 on tb1.svc_id = tb2.svc_id -- 서비스 승인
				left join corners.svc_tst tb3 on tb1.svc_id = tb3.svc_id-- 서비스 테스트
				left join corners.svc_sst tb4 on tb1.svc_id = tb4.svc_id-- 서비스 구독
				left join corners.SVC_CHG_REQ tb5 on tb1.svc_id = tb5.svc_id and tb5.apr_yn = '0' and tb5.stt_cd not in ('8','9')
				left join corners.SVC_CTL tb6 on tb1.svc_ctl_id  = tb6.svc_ctl_id -- 서비스카탈로그
				left join v4.site tb7 on tb1.wpc_cd = tb7.id
				left join v4.company tb8 on tb7.company_id  = tb8.id
		<where>
			1=1
			<if test="wpc != null and wpc != ''">
				and tb1.wpc_cd IN
				<foreach collection="wpc" item="item" separator="," open="(" close=")">
					#{item.id}
				</foreach>
			</if>
			<if test="group_cd != null and group_cd != ''">
				and tb8.id = #{group_cd}
			</if>
			<if test="wpc_cd != null and wpc_cd != ''">
				and tb1.wpc_cd = #{wpc_cd}
			</if>
			<if test="svc_ctl_id != null and svc_ctl_id != ''">
				and tb1.svc_ctl_id = #{svc_ctl_id}
			</if>
			<if test="stt_cd != 0 and stt_cd != null and stt_cd != ''">
				and tb1.stt_cd = #{stt_cd}
			</if>
			<if test="search != null and search != ''">
				and tb6.svc_ctl_nm like '%' || #{search} || '%' or tb7.name like '%' || #{search} || '%'
			</if>
		</where>
	</select>
</mapper>