<!DOCTYPE mapper
  PUBLIC "-//mybatis.org//DTD Mapper 3.0//EN"
  "http://mybatis.org/dtd/mybatis-3-mapper.dtd">

<mapper namespace="hae.safety.platform.servicemange.api.mapper.ServiceManageStatisticsMapper">

	<!-- 그룹 관리자 : 통계 자료 : 서비스 구독 통계 -->
	<select id="searchSvcSubStatistics" resultType="map">
		/* ServiceManageStatisticsMapper.searchSvcSubStatistics: 그룹 관리자 : 통계 자료 : 서비스 구독 통계 */
		select 
			coalesce(tb1.biz_class_nm,'미분류') as biz_class_nm
			, count(distinct tb1.wpc_cd) wpc_cnt
			<foreach collection="ctlList" item="item" index="index">
			,sum(case when tb1.svc_ctl_id = #{item.svc_ctl_id} then 1 else 0 end) svc_ctl_id_${index}	-- 서비스 카탈로그
			</foreach>
			,sum(case when tb1.svc_ctl_id not in 
			(
			<foreach collection="ctlList" item="item" separator=",">
					#{item.svc_ctl_id}	-- 서비스 카탈로그
			</foreach>
			) then 1 else 0 end) etc
		from (
				select
					a.svc_ctl_id,				-- 카탈로그 아이디
					a.svc_ctl_nm,				-- 카탈로그 명
					b.cmp_cd,					-- 그룹코드
					b.wpc_cd,					-- 사업장코드
					b.svc_id,					-- 서비스 아이디
					b.stt_cd,					-- 상태코드
					c.name cmp_nm,				-- 그룹명
					d.name wpc_nm,				-- 사업장명
					e.dtl_cd biz_class_cd,		-- 업종코드
					e.dtl_cd_nm biz_class_nm	-- 업종명
				from svc_ctl a
				inner join svc_req b on	a.svc_ctl_id = b.svc_ctl_id
				inner join v4.company c on	b.cmp_cd = c.id
				inner join v4.site d on	c.id = d.company_id	and b.wpc_cd = d.id
				left outer join emro.esacddl e on	d.biz_class = e.dtl_cd	and e.grp_cd = 'MST010'	and lang_cd = #{lang_cd}
				<where>
					1=1
					<if test="dtl_cd != null and dtl_cd != ''">
					and e.dtl_cd = #{dtl_cd}		-- 업종 분류
					</if>
					<if test="svc_use_yn == 1">
					and b.stt_cd in ('2','3','4')	-- 이용중인 상태 값만 표출 조건절 수정 필요
					</if>
					<if test="svc_use_yn == 0">
					and b.stt_cd in ('2','3','4','10','11')	-- 승인, 테스트, 개시, 만료, 중단 모두 표출
					</if>
					<if test="search != null and search != ''">
					and e.dtl_cd_nm like '%' || #{search} || '%'	-- 업종 검색
					</if>
					<if test="(sst_str_dt != null and sst_str_dt != '') || (sst_end_dt != null and sst_end_dt != '')">
					and b.req_dt between to_timestamp(#{sst_str_dt},'Mon DD, YYYY HH24:MI:SS') and to_timestamp(#{sst_end_dt},'Mon DD, YYYY HH24:MI:SS')
					</if>
				</where>
				order by svc_ctl_id, b.wpc_cd
			) tb1
		group by tb1.biz_class_nm
	</select>
	
	<!-- 그룹 관리자 : 통계 자료 : 안전 관제 통계 -->
	<select id="searchSafetyCtlStatistics" resultType="map">
		/* ServiceManageStatisticsMapper.searchSafetyCtlStatistics: 그룹 관리자 : 통계 자료 : 안전 관제 통계 */
		select
			coalesce(jtb1.biz_class_nm,'미분류') as biz_class_nm
			,jtb1.svc_ctl_nm 
			,jtb1.event_cd_nm
		<if test="mwt == 0">
			<foreach collection="cntList" item="item" index="index">
			,sum(case when EXTRACT(month FROM CAST(create_dt AS DATE)) = #{item.cnt} then 1 else 0 end) month${index}	-- 월별 통계
			</foreach>
		</if>
		<if test="mwt == 1">
			<foreach collection="cntList" item="item" index="index">
			,sum(case when EXTRACT(ISODOW FROM CAST(create_dt AS DATE)) = #{item.cnt} then 1 else 0 end) week${index}	-- 요일별 통계
			</foreach>
		</if>
		<if test="mwt == 2">
			,sum(case when EXTRACT(HOUR FROM create_dt) = 0 or EXTRACT(HOUR FROM create_dt) = 1 then 1 else 0 end) hour0	-- 시간별 통계
			,sum(case when EXTRACT(HOUR FROM create_dt) = 2 or EXTRACT(HOUR FROM create_dt) = 3 then 1 else 0 end) hour1
			,sum(case when EXTRACT(HOUR FROM create_dt) = 4 or EXTRACT(HOUR FROM create_dt) = 5 then 1 else 0 end) hour2
			,sum(case when EXTRACT(HOUR FROM create_dt) = 6 or EXTRACT(HOUR FROM create_dt) = 7 then 1 else 0 end) hour3
			,sum(case when EXTRACT(HOUR FROM create_dt) = 8 or EXTRACT(HOUR FROM create_dt) = 9 then 1 else 0 end) hour4
			,sum(case when EXTRACT(HOUR FROM create_dt) = 10 or EXTRACT(HOUR FROM create_dt) = 11 then 1 else 0 end) hour5
			,sum(case when EXTRACT(HOUR FROM create_dt) = 12 or EXTRACT(HOUR FROM create_dt) = 13 then 1 else 0 end) hour6
			,sum(case when EXTRACT(HOUR FROM create_dt) = 14 or EXTRACT(HOUR FROM create_dt) = 15 then 1 else 0 end) hour7
			,sum(case when EXTRACT(HOUR FROM create_dt) = 16 or EXTRACT(HOUR FROM create_dt) = 17 then 1 else 0 end) hour8
			,sum(case when EXTRACT(HOUR FROM create_dt) = 18 or EXTRACT(HOUR FROM create_dt) = 19 then 1 else 0 end) hour9
			,sum(case when EXTRACT(HOUR FROM create_dt) = 20 or EXTRACT(HOUR FROM create_dt) = 21 then 1 else 0 end) hour10
			,sum(case when EXTRACT(HOUR FROM create_dt) = 22 or EXTRACT(HOUR FROM create_dt) = 23 then 1 else 0 end) hour11
		</if>
		from (
			select
				tb1.evt_id
				, tb1.evt_cd 
				, tb1.site_id 
				, tb5.dtl_cd_nm biz_class_nm		
				, tb6.dtl_cd_nm event_cd_nm
				, tb1.create_dt 
				, tb7.svc_ctl_nm
			from 
				corners.tbevent tb1	
				inner join v4.site tb4 on	tb4.id = tb1.site_id -- and tb2.wpc_cd = tb4.id
				left outer join emro.esacddl tb5 on	tb5.dtl_cd = tb4.biz_class and tb5.grp_cd = 'MST010'	and tb5.lang_cd = #{lang_cd}
				inner join emro.esacddl tb6 on	tb6.dtl_cd = tb1.evt_cd and tb6.grp_cd = 'CRN008' and tb6.lang_cd = #{lang_cd}
				inner join (	
					select
					 distinct tb2.svc_ctl_nm 
					 , tb1.wpc_cd 
					 , tb1.svc_ctl_id 
					from svc_req tb1 
					inner join svc_ctl tb2 on tb2.svc_ctl_id = tb1.svc_ctl_id and tb2.svc_ctl_id = 'SCI00001' 
					inner join v4.site tb4 on tb4.id = tb1.wpc_cd
				) tb7 on tb7.wpc_cd = tb1.site_id
			where 1 = 1
			<if test="(sst_str_dt != null and sst_str_dt != '') || (sst_end_dt != null and sst_end_dt != '')">
				and tb1.create_dt between to_timestamp(#{sst_str_dt},'Mon DD, YYYY HH24:MI:SS') and to_timestamp(#{sst_end_dt},'Mon DD, YYYY HH24:MI:SS') 	-- 기간 검색
			</if>
			<if test="dtl_cd != null and dtl_cd != ''">
				and tb5.dtl_cd = #{dtl_cd}		-- 업종 분류
			</if>
			<if test="svc_ctl_id != null and svc_ctl_id != ''">
				and tb7.svc_ctl_id = #{svc_ctl_id}		-- 카탈로그검색
			</if>
			<if test="evt_cd != null and evt_cd != ''">
				and tb1.evt_cd = #{evt_cd}			-- 이벤트검색
			</if>
			<if test="search != null and search != ''">
				and tb5.dtl_cd_nm like '%' || #{search} || '%' or tb6.dtl_cd_nm like '%' || #{search} || '%' or tb7.svc_ctl_nm like '%' || #{search} || '%'	-- 검색
			</if>
			) jtb1
		group by jtb1.biz_class_nm, jtb1.event_cd_nm, jtb1.svc_ctl_nm
		order by biz_class_nm, event_cd_nm desc
	</select>
</mapper>