<TreeState CompareLevel="FE Schema Report" DBMS="172" DBMSVersion="9" TemplateFileLocation="SqlServer2005.fet"><Node TypeId="0"/><Node TypeId="1"/><Node TypeId="5"/><Node TypeId="8"/><Node TypeId="27"/><Node TypeId="28"/><Node TypeId="29"/><Node TypeId="34"/><Node TypeId="37"/><Node TypeId="41"/><Node TypeId="42"/><Node TypeId="44"/><Node TypeId="46"/><Node TypeId="49"/><Node TypeId="58"/><Node TypeId="60"/><Node TypeId="61"/><Node TypeId="67"/><Node TypeId="68"/><Node TypeId="69"/><Node TypeId="70"/><Node TypeId="78"/><Node TypeId="81"/><Node TypeId="89"/><Node TypeId="91"/><Node TypeId="93"/><Node TypeId="94"/><Node TypeId="95"/><Node TypeId="96"/><Node TypeId="99"/><Node TypeId="103"/><Node TypeId="108"/><Node TypeId="168"/><Node TypeId="173"/><Node TypeId="185"/><Node TypeId="186"/><Node TypeId="201"/><Node TypeId="204"/><Node TypeId="293"/><Node TypeId="295"/><Node TypeId="297"/></TreeState>
