<?xml version="1.0" encoding="UTF-8"?>
<configuration>
    <property name="LOGS_ABSOLUTE_PATH" value="./logs" />

    <appender name="STDOUT" class="ch.qos.logback.core.ConsoleAppender">
        <layout class="ch.qos.logback.classic.PatternLayout">
            <Pattern>[%d{yyyy-MM-dd HH:mm:ss}:%-3relative][%thread] %-5level %logger{36} - %msg%n</Pattern>
        </layout>
    </appender>

    <appender name="FILE" class="ch.qos.logback.core.rolling.RollingFileAppender">
        <file>${LOGS_ABSOLUTE_PATH}/logback.log</file>
        <encoder>
            <pattern>[%d{yyyy-MM-dd HH:mm:ss}:%-3relative] %logger{35} - %msg%n</pattern>
            <!-- pattern>[%d{yyyy-MM-dd HH:mm:ss}:%-3relative][%thread] %-5level %logger{35} - %msg%n</pattern -->
        </encoder>
        <rollingPolicy class="ch.qos.logback.core.rolling.TimeBasedRollingPolicy">
            <fileNamePattern>${LOGS_ABSOLUTE_PATH}/logback.%d{yyyy-MM-dd}.%i.log.gz</fileNamePattern>
            <timeBasedFileNamingAndTriggeringPolicy class="ch.qos.logback.core.rolling.SizeAndTimeBasedFNATP">
                <maxFileSize>5MB</maxFileSize>
            </timeBasedFileNamingAndTriggeringPolicy>
            <maxHistory>30</maxHistory>
        </rollingPolicy>
    </appender>

    <root level="INFO">
        <appender-ref ref="STDOUT" />
    </root>

    <logger name="org.springframework.web" level="DEBUG">
        <appender-ref ref="STDOUT" />
        <appender-ref ref="FILE" />
    </logger>
    <logger name="com.customer" level="DEBUG">
        <appender-ref ref="STDOUT" />
        <appender-ref ref="FILE" />
    </logger>
</configuration>